<?xml version="1.0" encoding="utf-8"?>
<!-- Copyright (C) 2014 The Android Open Source Project

     Licensed under the Apache License, Version 2.0 (the "License");
     you may not use this file except in compliance with the License.
     You may obtain a copy of the License at

          http://www.apache.org/licenses/LICENSE-2.0

     Unless required by applicable law or agreed to in writing, software
     distributed under the License is distributed on an "AS IS" BASIS,
     WITHOUT WARRANTIES OR CONDITIONS OF ANY KIND, either express or implied.
     See the License for the specific language governing permissions and
     limitations under the License.
-->

<resources xmlns:xliff="urn:oasis:names:tc:xliff:document:1.2">

    <string name="ok">Ok</string>
    
    <!--  BluetoothChat -->
    <string name="app_name">BluetoothChat</string>
    <string name="intro_message">
        <![CDATA[
        
            
            This application allows two Android devices to carry out two-way text chat over
            Bluetooth. It demonstrates all the fundamental Bluetooth API capabilites, such as:
              (1) Scanning for other Bluetooth devices
              (2) Querying the local Bluetooth adapter for paired Bluetooth devices
              (3) Establishing RFCOMM channels/sockets
              (4) Connecting to a remote device
              (5) Transfering data over Bluetooth
            
        
        ]]>
    </string>
    <string name="send">Send</string>
    <string name="not_connected">You are not connected to a device</string>
    <string name="bt_not_available_leaving">Bluetooth is not available on this device. Leaving Bluetooth Chat.</string>
    <string name="bt_not_enabled_leaving">Bluetooth was not enabled. Leaving Bluetooth Chat.</string>
    <string name="title_connecting">Connecting...</string>
    <string name="title_connected_to">Connected to <xliff:g id="device_name">%1$s</xliff:g></string>
    <string name="title_not_connected">Not Connected</string>

    <!--  DeviceListActivity -->
    <string name="scanning">Scanning for devices...</string>
    <string name="select_device">Select a device to connect</string>
    <string name="none_paired">No devices have been paired</string>
    <string name="none_found">No devices found</string>
    <string name="title_paired_devices">Paired Devices</string>
    <string name="title_other_devices">Other Available Devices</string>
    <string name="button_scan">Scan for devices</string>

    <!-- Options Menu -->
    <string name="secure_connect">Connect a device - Secure</string>
    <string name="insecure_connect">Connect a device - Insecure</string>
    <string name="discoverable">Make discoverable</string>
    <string name="is_discoverable">Currently discoverable</string>

    <!-- Permissions --> 
    <string name="request_location_permissions">Android relies on the location services to retrieve the identity of Bluetooth devices.</string>
</resources>
